car_model,price,year_model,kms
Chevrolet Spark 1.2 Gt M300,$28.500.000,2013,127.530
Chevrolet Spark Gt Ltz 2015 ,$31.900.000,2015,92.000
Chevrolet Spark GT 1.2 Lt,$37.500.000,2019,54.000
Chevrolet Spark Gt Active Mod 2020 ,$44.900.000,2020,43.205
Chevrolet Spark Gt Full Equipo,$32.900.000,2015,77.000
Chevrolet Spark 1.2 Gt M300 Lt,$32.500.000,2015,127.977
Chevrolet Spark 1.2 Gt Ltz,$31.900.000,2015,110.700
Chevrolet Spark 1.0 Life,$23.900.000,2015,105.000
Chevrolet Spark Gt Ltz,$34.500.000,2015,75.100
Chevrolet Spark 1.0 Lt M200,$27.990.000,2012,161.400
Chevrolet Spark Gt Ltz Mt 1.2 2016,$31.800.000,2016,102.500
Chevrolet Spark GT 1.2 Lt,$37.500.0003% OFF,2021,59.600
Chevrolet Spark Life 1000icc Mt Aa Ab,$28.800.000,2017,42.000
Chevrolet Spark Gt Mt 1.2cc 2016,$33.000.000,2016,87.000
Chevrolet Spark 1.0 Life,$27.900.000,2017,45.320
Chevrolet Spark Gt 1.2 Premier,$38.300.000,2019,52.000
Chevrolet Spark 2012 ,$21.500.000,2012,110.000
Chevrolet Spark 1.2 Gt M300 Ltz Mecánica,$40.700.000,2017,91.073
Chevrolet Spark 1.0 Life,$26.000.000,2017,118.039
Chevrolet Spark 1.0 Life,$26.500.000,2016,97.700
Chevrolet Spark 1.2 Gt M300 Ltz Mecánica,$37.000.000,2017,64.137
Chevrolet Spark Gt Spark Gt Aa,$29.500.000,2013,66.000
Chevrolet Spark Gt Gt,$26.900.000,2012,108.500
Chevrolet Spark 1.0 Life,$24.900.000,2016,78.900
Chevrolet Spark 1.2 Gt M300 Ltz Mecánica,$31.600.000,2017,123.500
Chevrolet Spark 1.2 Gtx M300,$26.500.000,2012,121.000
Chevrolet Spark 1.0 Lt M200,$21.800.000,2013,111.000
Chevrolet Spark 1.0 7:24 Cronos,$19.500.000,2012,150.300
Chevrolet Spark Gt Mod 2017,$33.500.000,2017,78.000
Chevrolet Spark 1.0 Life,$26.000.000,2017,88.833
Chevrolet Spark 1.2 Gt M300 Lt,$31.800.000,2015,46.000
Chevrolet Spark 1.2 Gt M300 Ltz,$34.500.000,2016,83.036
Chevrolet Spark Life 2019,$32.800.000,2019,70.000
Chevrolet Spark 1.0 Go,$25.000.000,2011,14.300
Chevrolet Spark Gt Ltz,$35.000.000,2015,97.000
Chevrolet Spark 1.0 Life,$28.900.000,2017,99.980
Chevrolet Spark LIFE,$26.900.000,2017,88.000
Chevrolet Spark Gt  1200cc Mt Aa,$35.000.000,2017,86.000
Chevrolet Spark Life 2018,$31.800.000,2018,33.060
Chevrolet Spark Life  1000cc Mt Aa,$29.500.000,2019,53.500
Chevrolet Spark 1.2 Gt Lt Mt 2015,$28.900.000,2015,125.700
Chevrolet Spark 1.2 Gt M300 Lt,$30.500.000,2017,118.104
Chevrolet Spark LIFE,$25.400.000,2015,72.000
Chevrolet Spark Gt Active,$41.000.000,2019,52.000
Chevrolet Spark Gt 1.2 Ltz Mt 2015,$31.900.000,2015,112.000
Chevrolet Spark LIFE,$24.400.000,2015,80.000
Chevrolet Spark Gt Ltz,$38.000.000,2017,68.000
Chevrolet Spark GT 1.2 Ls,$35.000.000,2019,75.985
Chevrolet Spark GT 1.2 Active,$41.900.000,2020,67.000
Chevrolet Spark LIFE,$26.900.000,2017,85.000
Chevrolet Spark 1.0 Life,$29.500.000,2019,40.900
Chevrolet Spark GT 1.2 Ls Mt 2020,$38.900.000,2020,48.000
Chevrolet Spark 1.0l,$36.000.000,2018,87.417
Chevrolet Spark Gt ,$26.900.000,2012,95.000
Chevrolet Spark LIFE,$24.400.000,2015,92.000
Chevrolet Spark 1.2 Gt M300 Ltz,$32.000.000,2016,138.000
Chevrolet Spark Gt Ltz,$28.900.000,2014,147.000
Chevrolet Spark GT 1.2 Ls,$38.500.000,2020,48.700
Chevrolet Spark 1.2 Gt M300 Ltz Mecánica,$36.500.000,2017,87.000
Chevrolet Spark 1.2 Gt M300 Ltz,$33.000.000,2015,89.220
Chevrolet Spark GT 1.2 Ls,$36.900.000,2019,86.800
Chevrolet Spark 1.2 Gt Lt,$36.500.000,2018,59.000
Chevrolet Spark Modelo 2021,,0,0
Chevrolet Spark Gt 2016,$30.900.000,2016,143.600
Chevrolet  Spark Lt  2013,$25.800.000,2013,88.000
Chevrolet Spark Gt Lt Mt 1.2 Cc 2015,$29.900.000,2015,108.500
Chevrolet Spark GO 1.0 MT AA DH,$22.900.000,2009,137.000
Chevrolet Spark 1.0 Life,$27.300.000,2017,88.300
Chevrolet Spark 1.2 Gt Lt,$38.900.000,2020,40.000
Chevrolet Spark 1.2 Gt M300 Lt,$31.500.000,2015,122.000
Chevrolet Spark Gt Ltz 1.2 Mecanico Modelo 2015,$36.900.000,2015,94.934
Chevrolet Spark 1.2 Ltz Mecanico,$37.900.000,2017,88.235
Chevrolet Spark 1.0 Life,$32.999.000,2019,42.000
Chevrolet Spark GT 1.2,$42.000.000,2020,50.000
Chevrolet Spark Gt Spark Gt Ltz,$34.200.000,2017,108.000
Chevrolet Spark GT 1.2 Lt,$34.700.000,2019,64.000
Chevrolet Spark 1.0 Life,$28.500.000,2017,79.000
Chevrolet Spark 1.2 Gt M300 Lt,$33.900.000,2017,131.000
Chevrolet Spark GT 1.2 Lt,$35.490.000,2018,80.000
Chevrolet Spark Gt Ltz,$33.500.000,2016,105.232
Chevrolet Spark GT LTZ PREMIER,$38.900.000,2020,55.000
Chevrolet Spark 1.0 Life,$27.400.000,2018,78.000
Chevrolet Spark 1.0 Go,$22.000.000,2012,126.000
Chevrolet Spark Gt Ltz 1.2 Mecanico,$37.900.000,2016,97.555
Chevrolet Spark 1.0 Lt M200,$21.500.000,2014,97.200
Chevrolet Spark 1.2 Gt M300 Ltz,$29.500.000,2014,127.500
Chevrolet Spark 1.2 Gt M300 Ltz Mecánica,$37.900.000,2017,113.372
Chevrolet Spark 1.2 Gt M300 Ltz Mecánica,$40.900.000,2017,87.000
Chevrolet Spark 1.2 Gt M300,$27.500.000,2013,103.000
Chevrolet Spark Gt Activ Cc1200 Mecanico 80 Hp,$41.500.000,2019,14.700
Chevrolet Spark Gt ,$29.800.000,2015,88.000
Chevrolet Spark 1.2 Gt Lt,$38.900.000,2020,49.000
"Chevrolet Spark 1,2 GT LTZ",$29.800.000,2014,88.000
Chevrolet Spark GT 1.2 Ltz,$37.800.000,2020,49.000
Chevrolet Spark Gt 1.2 Ltz Mt 2017,$36.500.000,2017,86.000
Chevrolet Spark GT 1.2 Ls,$38.900.000,2020,35.000
Chevrolet Spark GT 1.2 Ltz,$38.900.000,2019,68.000
Chevrolet Spark 1.2 Gt M300 Ltz,$35.000.000,2015,97.000
Chevrolet Spark 1.2 Gt M300 Ltz Mecánica,$38.000.000,2017,68.000
Chevrolet Spark Gt Active 1.2l Hb Mt,$41.000.000,2019,52.800
Chevrolet Spark GT 1.2 Ls,$37.900.000,2020,74.000
Chevrolet Spark  Gt Ltz 2016,$37.500.000,2016,66.700
Chevrolet Spark 1.2 Gt Ltz,$36.500.000,2018,54.000
Chevrolet Spark Gt Versión Ltz,$27.900.000,2012,118.000
Chevrolet Spark 1.0 Life,$24.000.000,2016,76.000
Chevrolet Spark 1.0,$23.500.000,2013,90.595
Chevrolet Spark 1.0 Life Lujo,$24.900.000,2016,96.000
Chevrolet Spark Gt Lt Full 1.2 2013,$27.900.000,2013,138.000
Chevrolet Spark 1.0 Lt M200,$25.900.000,2012,80.000
Chevrolet Spark 1.2 Gt Ltz,$39.800.000,2019,85.000
Chevrolet,$24.500.000,2013,76.600
Chevrolet Spark Gt Ltz,$28.000.000,2013,94.700
Chevrolet Spark Gt Ltz,$32.800.000,2016,92.000
Chevrolet Spark 1.2 Gt M300 Ltz,$34.500.000,2016,41.000
Chevrolet Spark 1.2 Gt M300,$29.900.000,2013,60.000
Chevrolet Spark 1.0 Lt M200,$21.900.000,2011,132.000
Chevrolet Spark Gt Ltz,,0,0
Chevrolet Spark GT 1.2 Lt,$34.900.000,2018,73.000
Chevrolet Spark 1.2 Gt M300 Ltz Mecánica,$32.900.000,2017,77.000
Chevrolet Spark Gt Ltz 2015 ,$32.000.000,2015,154.000
Chevrolet Spark 1.0 Lt,$19.500.000,2009,805.689
Chevrolet Spark GT 1.2 Ltz,$36.800.000,2020,37.580
Chevrolet Spark 1.0 Mt,$19.000.000,2010,108.000
Chevrolet Spark 1.2 Gt Lt,$45.800.000,2022,14.377
Chevrolet Spark GT 1.2 Ltz,$36.900.000,2018,65.000
Chevrolet Spark 1.2 Gt M300,$28.000.000,2013,136.000
Chevrolet Spark 1.2 Gt M300 Lt,$30.900.000,2014,80.835
Chevrolet Spark GT 1.2 Lt,$37.900.000,2019,90.500
Chevrolet Spark Gt 1.000 Full Equipo,$25.990.000,2011,95.000
Chevrolet Spark GT 1.2 Ls,$39.500.000,2020,57.200
Chevrolet Spark GT 1.2 Ltz,$36.700.000,2018,70.500
Chevrolet Spark Gt Lt,$27.900.000,2012,103.000
Chevrolet Spark GT 1.2 Ls,$31.950.000,2019,74.000
Chevrolet Spark Gt Gt Ltz,$34.900.000,2015,117.000
Chevrolet Spark 1.0 Life,$28.900.000,2017,69.899
Chevrolet Spark 1.2 Gt M300,$29.000.000,2014,99.800
Chevrolet Spark Gt Gt,$27.500.000,2013,125.000
Chevrolet Spark Gt Blindado 2 Plus ,$54.000.000,2015,78.000
Chevrolet Spark Gt Ltz 2017 Mt 1200 Tela,,0,0
Chevrolet Spark Gt M300 Mt 2014 ,,0,0
Chevrolet Spark 1.2 Gt M300 Ltz,$28.900.000,2014,137.000
Chevrolet Spark Gt 2017,$32.999.999,2017,54.000
Chevrolet Spark 1.0 Go,$26.500.000,2013,79.950
Chevrolet Spark 1.0 Life,$26.900.000,2017,92.400
"Chevrolet Spark Gt 1.2.lt, Mecánico",$34.900.000,2018,75.000
Chevrolet Spark 1.0 Lt M200,$19.900.000,2009,150.000
Chevrolet Spark 1.0 7:24 Cronos,$19.900.000,2010,145.000
Chevrolet Spark 1.0 Lt M200,$17.000.000,2007,136.000
Chevrolet Spark 1.0 Life,$28.000.000,2018,72.000
Chevrolet Spark Gt Ltz 2013,$25.500.000,2013,98.000
Chevrolet Spark 1.2 Gt M300 Ltz,$32.800.000,2014,107.600
Chevrolet Spark 1.0 7:24 Cronos,$22.900.000,2013,119.000
Chevrolet Spark 1.2 Gt Ls,$41.900.000,2019,24.000
Chevrolet Spark GT 1.2 Ls,$38.500.000,2020,48.000
Chevrolet Spark Gt Lt ,$33.000.000,2016,105.140
Chevrolet Spark 1.2 Gt M300,$29.000.000,2012,84.000
Chevrolet Spark 1.2 Gt M300,$27.900.000,2013,146.814
Chevrolet Spark Gt Ltz,$36.000.000,2017,77.829
Chevrolet Spark Lt,$37.800.000,2019,63.000
Chevrolet Spark 1.0 Lt M200,$17.900.000,2009,120.000
Chevrolet Spark 1.0 Life,$27.500.000,2018,70.000
Chevrolet Spark 1.2 Gt M300,$28.500.000,2012,94.700
Chevrolet Spark 1.0 Life,$26.990.000,2016,90.000
Chevrolet Spark Gt 2015,$30.000.000,2015,125.000
Chevrolet Spark 1.2 Gt M300 Ltz,$32.900.000,2016,100.000
Chevrolet Spark 1.2 Gt M300 Lt,$30.000.000,2014,108.357
Chevrolet Spark 1.0 Life,$26.800.000,2017,92.000
Chevrolet Spark 1.0 Life,$27.400.000,2018,70.000
Chevrolet Spark 1.0l,$26.800.000,2016,46.000
Chevrolet Spark 1.0 Lt M200,$22.400.000,2014,88.000
Chevrolet Spark Gt Mecánico ,$32.000.000,2015,61.800
Chevrolet Spark 1.2 Gt Ls,$39.800.000,2020,49.000
Chevrolet Spark GT 1.2 Ls,$33.500.000,2019,68.000
Chevrolet Spark 1.2 Gt M300 Ltz,$32.000.000,2014,97.000
Chevrolet Spark GT 1.2 Lt,$39.000.000,2020,50.000
Chevrolet Spark GT 1.2 Ls,$39.990.000,2020,71.000
Chevrolet Spark 1.2 Gt M300 Ltz,$31.800.000,2016,78.000
Chevrolet Spark 1.0 Life,$26.800.000,2015,79.000
Chevrolet Spark Gt Mod 2016 Full Equipo Pantalla Luces Led,$34.800.000,2016,42.000
Chevrolet Spark Gt Ltz Mod 2017 Doble Airbag Y Abs Pantalla,$35.800.000,2017,44.000
Chevrolet Spark 1.0 Life,$27.000.000,2019,94.000
Chevrolet Spark 1.2 Gt M300,$27.000.000,2012,136.439
Chevrolet Spark Gt Lt,$24.500.000,2011,118.000
Chevrolet Spark Gt Ltz,$32.500.000,2016,80.000
Chevrolet Spark Gt Ltz,$28.900.000,2014,100.000
Chevrolet Spark Spark 1.0cc 2010 ,$18.500.000,2010,160.000
Chevrolet Spark 1.0 Life,$22.700.000,2016,99.146
Chevrolet Spark 1.2 Gt M300,$29.500.000,2013,97.300
Chevrolet Spark 1.0 Life,$29.800.000,2019,75.000
"Chevrolet Spark 1.0,go,mecánico",$16.400.000,2008,142.000
Chevrolet Spark Gt 2013 Gris Oscuro,$28.900.000,2013,87.000
Chevrolet Spark 1.2 Gt Lt,$34.800.000,2020,103.000
Chevrolet Spark Gt Gt Full Equipo,$30.900.000,2013,59.000
 ,0,0,0
Chevrolet Spark 1.2 Gt M300 Lt,$35.000.000,2017,63.800
Chevrolet,$39.990.000,2020,56.000
Chevrolet Spark 1.0 Go,$21.000.000,2011,71.200
Chevrolet Spark Gt Ltz,$31.500.000,2015,130.000
Chevrolet  Spark  Gt  Ltz   2016,$36.700.000,2016,60.870
Chevrolet Spark 1.0 7:24 Cronos,$18.500.000,2010,154.321
Chevrolet Spark GT 1.2 Ls,$38.700.000,2020,32.000
Chevrolet Spark 1.0 Lt M200,$19.800.000,2011,119.200
Chevrolet Spark Gt,$32.000.000,2015,63.200
Chevrolet Spark 1.2 Gt M300,$29.900.000,2014,145.000
Taxi Chevrolet Modelo 2010 Para Reparar,$62.000.000,2010,890.600
Suzuki Alto 0.8 Std,$23.000.000,2017,102.000
Chevrolet Spark 1.0 7:24 Cronos,$19.800.000,2012,110.000
Chevrolet Spark 1.0 Lt M200,$20.750.000,2014,90.480
Chevrolet Spark 1.2 Gt M300 Lt,$32.500.000,2017,179.367
Chevrolet Spark 1.0 2011,$19.800.000,2011,130.000
"Chvrolet Spark 2017, 51.000 Km, Semi Nuevo, Papeles Al Día",$33.900.000,2017,51.000
Chevrolet,$32.500.000,2017,78.500
 ,0,0,0
Chevrolet Spark GT 1.2 Lt,$38.500.000,2020,49.000
Chevrolet Spark 1.0 Life,$17.900.000,2013,60.982
Chevrolet Spark GT 1.2 Lt,$37.000.000,2019,99.500
Chevrolet Spark Gt Gt,$25.800.000,2011,115.360
Chevrolet Spark GT 1.2 Ls,$34.900.000,2019,64.500
Chevrolet Spark GT 1.2 Ltz,$36.400.000,2018,86.000
Chevrolet Spark Gt Gt,$36.000.000,2017,55.000
Chevrolet Spark Gt Full Equipo ,$34.500.000,2017,43.300
Chevrolet Spark 1.0 Life,$31.000.000,2019,72.000
Chevrolet Spark 1.0 Ls,$17.000.000,2006,350.000
Chevrolet Spark Gt Ltz,$31.700.000,2015,82.123
Chevrolet Spark GT 1.2 Lt,$42.000.000,2019,21.000
Chevrolet Spark 1.0 Life,$24.900.000,2016,76.000
Chevrolet Spark 1.2 Gt Ltz,$37.000.000,2019,87.980
Chevrolet Spark 2011,$23.300.000,2011,118.600
Chevrolet Spark 1.0 Life,$29.700.000,2018,67.000
Chevrolet Spark 1.0 Lt M200,$18.900.000,2014,118.000
Chevrolet Spark 1.0 Lt M200,$25.000.000,2014,95.000
Chevrolet Spark 1.2 Gt M300,$26.900.000,2013,137.000
Chevrolet Spark GT 1.2 Ltz,$37.000.000,2018,72.000
Chevrolet Spark Gt Ltz,$35.500.000,2017,96.000
Chevrolet Spark Life,$29.700.000,2017,81.000
Chevrolet Spark GT 1.2 Lt,$42.000.000,2020,50.260
Chevrolet Spark 1.0 7:24 Cronos,$16.000.000,2010,111.000
Chevrolet Spark 1.0 Life,$29.990.000,2018,68.500
Chevrolet Spark Gt Rs,$32.000.000,2014,98.600
Chevrolet Spark Spark,$23.500.000,2011,94.200
Chevrolet Spark Gt Chevrolet Spark Gt ,$24.000.000,2011,228.000
Chevrolet Spark 1.2 Gt M300 Lt,$31.000.000,2016,173.000
 Chevrolet Spark Gt 1.2 Mod 2013,$29.550.000,2013,125.000
Chevrolet Spark Gt Spark Gt,$35.000.000,2017,55.000
Chevrolet Spark GT 1.2 Ltz,$34.000.000,2018,86.700
Chevrolet Spark Gt Gt,$30.000.000,2013,133.000
Chevrolet Spark 1.0 Go,$17.500.000,2008,222.600
Chevrolet Spark 1.0 Life,$31.900.000,2019,44.200
Chevrolet Spark Gt Ltz ,$34.000.000,2017,133.000
Chevrolet Spark 1.0 Go,$26.800.000,2013,42.353
Chevrolet Spark Gt 1.2 Gt,$33.500.000,2014,55.079
Chevrolet Spark 2012,$21.900.000,2012,85.300
Chevrolet Spark Spart,$20.000.000,2012,148.500
Chevrolet Spark Gt 1.2,$29.000.000,2013,97.000
Chevrolet Spark GT 1.2 Ltz,$35.000.000,2019,74.000
Chevrolet Spark 1.0 Life,$28.500.000,2018,55.000
Chevrolet Spark Gt Full,$34.500.000,2017,87.000
Chevrolet Spark 1.0 Lt M200,$17.000.000,2007,180.000
Chevrolet Spark GT 1.2 Ltz,$40.000.000,2019,44.435
Chevrolet Spark Gt Spark Gt,$29.000.000,2013,122.000
Chevrolet Spark Gt Ltz Full,$36.000.000,2017,74.500
Chevrolet Spark Life Aire Acondicionado,$28.000.000,2019,67.382
Chevrolet Spark 1.0 7:24 Cronos,$23.200.000,2012,81.900
Chevrolet Spark Gt 28.500.000,$27.500.000,2014,70.000
Chevrolet Spark Gt Ltz,$32.000.000,2016,88.000
Chevrolet Spark Gt Premier,$50.000.000,2022,19.000
Chevrolet Spark 1.0 7:24 Cronos,$16.000.000,2010,83.000
Chevrolet Spark Gt Ltz,$34.000.000,2017,72.200
Chevrolet Spark GT 1.2 Ls,$37.800.000,2020,70.000
Chevrolet Spark Gt,$29.000.000,2014,94.000
Chevrolet Spark life,$24.000.000,2015,96.000
Chevrolet Spark 1.0 Life,$28.000.000,2019,96.014
Chevrolet Spark  2013,$45.000.000,2013,600.000
Chevrolet Spark Gt Hatch Back,$32.000.000,2016,79.000
Chevrolet Spark 1.2 Gt M300 Lt,$32.600.000,2015,111.000
Chevrolet Spark Gt Versión Ful,$31.500.000,2016,129.000
Chevrolet Spark 1.0 Life,$32.000.000,2018,31.000
Chevrolet Spark 1.0 Life,$22.800.000,2015,82.000
Chevrolet Spark Gt 2013 Full,$28.800.000,2013,77.000
Chevrolet Spark 1.0 Lt M200,$22.900.000,2014,77.000
Chevrolet Spark Sedan,$15.000.000,2007,217.656
Chevrolet Spark 1.2 Gt Ltz,$41.000.000,2019,38.700
Chevrolet Spark 1.2 Gt M300 Ltz,$33.000.000,2016,87.000
Chevrolet Spark GT 1.2 Ltz,$35.900.000,2018,34.000
Chevrolet Spark Gt Ltz,$28.500.000,2013,128.000
Chevrolet Spark Gt Gt 1200,$27.000.000,2012,124.000
Chevrolet Spark 1.0 Lt M200,$21.000.000,2010,645.000
Chevrolet Spark Gt 1200,$30.500.000,2016,102.559
Chevrolet Spark 1.0 Lt M200,$22.000.000,2010,107.000
Chevrolet Spark 1000 Cc,$22.000.000,2012,77.500
Chevrolet Spark 1.0 Go,$15.000.000,2010,151.101
Chevrolet Spark 1.0 7:24 Cronos,$18.000.000,2008,174
Chevrolet Spark Gt Gt,$30.000.000,2011,103.000
Chevrolet Spark GT 1.2 Ltz,$37.000.000,2018,76.000
Chevrolet Spark Gt Gt,$27.000.000,2013,87.000
Chevrolet Spark GT 1.2 Ltz,$36.000.000,2019,124.600
Chevrolet Spark GT 1.2 Ls,$40.000.000,2020,21.900
Chevrolet Spark 1.0 Life,$26.000.000,2017,64.000
Chevrolet Spark,$33.000.000,2011,150.000
Chevrolet Spark GT 1.2 Ltz,$38.900.000,2018,44.000
Chevrolet Spark 1.0 Lt M200,$20.000.000,2012,166.000
Chevrolet Spark 1.0 Lt M200,$20.300.000,2012,129.950
Chevrolet Spark GT 1.2 Ltz,$37.500.000,2019,58.000
Spark Gt Excelente Estado ,$33.000.000,2014,56.300
Chevrolet Spark 1.0 Lt M200,$17.400.000,2007,125.000
Chevrolet Spark Gt Gt,$32.000.000,2014,92.265
Chevrolet Spark GT 1.2,$37.406.000,2018,124.000
Chevrolet Spark Gt Full Equipo,$35.000.000,2017,132.000
Chevrolet Spark 1.2 Gt Lt,$33.000.000,2018,79.000
Chevrolet Spark 1.0 7:24 Cronos,$17.500.000,2009,155.000
Chevrolet Spark Gt Rs,$34.000.000,2016,127.000
Chevrolet Spark Spark Normal ,$24.000.000,2013,56.000
Chevrolet Spark GT 1.2 Ltz,$30.000.000,2018,70.000
Chevrolet Spark 1.0 Ls,$16.200.000,2005,157.000
Chevrolet Spark 1.0 Lt M200,$18.990.000,2008,166.100
Chevrolet Spark Gt Spark Gt Lt Mt,$30.000.000,2014,93.847
Chevrolet Spark 1.0 7:24 Cronos,$20.500.000,2012,82.000
Chevrolet Spark 1.0 Life,$30.000.000,2019,50.000
Chevrolet Spark 1.0 Lt M200,$23.000.000,2014,70.000
Chevrolet Spark 1.0 Go,$18.200.000,2010,127.500
Vendo Chevrolet Spark Gt 2015 Full Equipo,$33.000.000,2015,110.000
Chevrolet Spark Gt Full,$32.000.000,2016,120.000
Chevrolet Spark GT 1.2 Ls,$38.900.000,2020,46.000
Chevrolet Spark 1.0 7:24 Cronos,$16.500.000,2009,756.397
Chevrolet Spark 1.0 Life,$26.200.000,2018,72.500
Chevrolet Spark 1.0 Lt M200,$21.000.000,2014,97.000
Chevrolet Spark 1.0 Lt M200,$21.900.000,2012,135.000
Chevrolet Spark 1.0 Lt M200,$21.500.000,2011,162.489
Chevrolet Spark GT 1.2 Lt,$35.000.000,2019,61.000
Chevrolet Spark 1.2 Gt Lt,$34.000.000,2019,61.000
Chevrolet Spark Gt Spark Gt,$30.500.000,2013,126.700
Chevrolet Spark 1.0 Lt M200,$21.500.000,2011,183.700
Chevrolet Spark Gt Full Equipo,$35.000.000,2016,99.500
Spark Gt Modelo 2012 Full Equipo,$28.000.000,2012,139.799
Chevrolet Spark 1.0 Life,$27.000.000,2015,59.000
Chevrolet Spark Gt Ltz,$34.000.000,2017,123.000
Chevrolet Spark 1.0 Go,$17.200.000,2008,143.000
Chevrolet Spark Gt Spark Gt 2011,$23.200.000,2011,167.000
Chevrolet Spark GT 1.2 Lt,$38.500.000,2020,28.000
Taxi - Modelo 2019,$77.000.000,2019,153.000
Chevrolet Spark GT 1.2 Ls,$37.500.000,2018,68.000
Chevrolet Spark 1.0 Life,$28.000.000,2015,36.000
Chevrolet Spark 1.0 Go,$15.000.000,2010,200.000
Chevrolet Spark GT 1.2 Lt,$37.000.000,2018,50.200
Chevrolet Spark GT 1.2 Lt,$40.000.000,2020,36.800
Chevrolet Spark Gt Rs,$33.000.000,2015,47.800
Chevrolet Spark 1.2 Gt Ls,$37.000.000,2019,44.000
Chevrolet Spark 1.2 Gt M300 Ltz Mecánica,$34.000.000,2017,67.000
Chevrolet Spark 1.0 7:24 Cronos,$18.000.000,2009,130.000
Chevrolet Spark Gt Ltz,$33.500.000,2016,79.600
Chevrolet Spark Gt Ltz,$29.500.000,2014,72.000
Chevrolet Spark 1.0 Life,$27.300.000,2018,97.500
Chevrolet Spark Gt Spark Gt,$38.000.000,2019,68.000
Chevrolet Spark Gt Spark Gt,$26.000.000,2012,147.000
Chevrolet Spark 1.0 Go,$19.000.000,2012,100.000
Chevrolet Spark 1.2 Gt M300,$27.000.000,2013,213.097
Chevrolet Spark Gt Full Equipo,$33.000.000,2016,111.000
Chevrolet Spark 1.2 Gt M300 Ltz,$31.500.000,2015,107.000
"Chevrolet Spark Modelo 2013, 140.000km, 995cc",$19.500.000,2013,140.000
Chevrolet Spark 1.0 Life,$28.700.000,2019,101.000
Chevrolet Spark 1.0 Life,$27.000.000,2018,50.000
Chevrolet Spark 1.0 Go,$21.000.000,2012,57.000
Chevrolet Spark Gt Spark 1.2 Lt,$29.500.000,2012,125.000
Chevrolet Spark Gt Spark 1.2 Lt,$31.500.000,2012,107.000
Chevrolet Spark 1.0 Lt M200,$22.000.000,2010,52.000
Chevrolet Spark Gt Ltz,$33.900.000,2016,67.000
Chevrolet Spark GT 1.2 Ltz,$39.500.000,2019,60.116
Chevrolet Spark Gt Gt,$33.900.000,2017,93.000
Chevrolet Spark Gt Spark Gt,$31.900.000,2016,100.000
Chevrolet Spark GT 1.2 Ls,$35.200.000,2020,67.000
Chevrolet Spark Gt No,$36.500.000,2017,75
Chevrolet Spark Gt Full,$36.500.000,2017,75
Chevrolet Spark Gt Lt,$30.500.000,2015,102.000
Chevrolet Spark 1.0 Lt M200,$21.800.000,2012,152.000
Chevrolet Spark 1.0 Lt M200,$19.000.000,2011,150.000
Chevrolet Spark Gt Full,$34.000.000,2017,140.000
Chevrolet Spark 1.0 Life,$26.000.000,2015,92.500
Chevrolet Spark 1.0 Life,$28.000.000,2016,150.000
Chevrolet Spark Gt 2013,$28.000.000,2013,158.000
Chevrolet Spark Gt Gt,$29.000.000,2014,125.000
Chevrolet Spark 1.2 Gt Lt,$41.000.000,2019,16.500
Chevrolet Spark 1.0 Life Lujo,$24.000.000,2015,123.000
Chevrolet Spark Gt Spark Gt Ltz ,$26.000.000,2011,173.937
Chevrolet Spark 1.0 Lt M200,$21.800.000,2013,110.500
Chevrolet Spark Gt Spark Gt ,$28.000.000,2013,120.000
Chevrolet Spark Gt Spark Gt Hatch Back,$35.000.000,2016,65.000
Chevrolet Spark Chronos,$60.000.000,2011,318.000
Chevrolet Spark 1.0 7:24 Cronos,$16.550.000,2010,159.000
Chevrolet Spark Gt Gt Full Equipo,$25.000.000,2012,221.000
Chevrolet Spark Lite ,$17.000.000,2010,144.413
Chevrolet Spark GT 1.2 Ls,$38.500.000,2020,50.000
 ,0,0,0
Chevrolet Spark 1.0 Life,$23.000.000,2016,102.000
Chevrolet Spark GT 1.2 Lt,$37.500.000,2018,69.000
Chevrolet Spark 1.2 Gt M300 Ltz Mecánica,$37.000.000,2017,57.000
Chevrolet Spark Gt Lte,$34.000.000,2017,65.000
Chevrolet Spark Gt,$32.000.000,2016,103.000
Chevrolet Spark 1.0 7:24 Cronos,$15.000.000,2009,198.900
Chevrolet Spark GT 1.2 Ltz,$32.000.000,2019,68.000
Chevrolet Spark 1.0 7:24 Cronos,$20.000.000,2012,111.111
Chevrolet Spark 1.0 Life,$31.000.000,2017,37.973
Chevrolet Spark GT 1.2 Lt,$35.000.000,2018,139.000
Chevrolet Spark 1.0 Go,$20.000.000,2009,203.000
Chevrolet Spark 1.0 7:24 Cronos,$21.500.000,2010,147.000
Chevrolet Spark 1.0 Life,$26.500.000,2017,94.600
Chevrolet Spark 1.0 Go,$21.800.000,2013,108.000
Chevrolet Spark Gt,$33.400.000,2015,56.700
Chevrolet Spark Gt Lt,$32.000.000,2017,122.000
Chevrolet Spark GT 1.2 Lt,$35.000.000,2018,54.257
Chevrolet Spark 1.2 Gt Ls,$40.000.000,2020,48.700
Chevrolet Spark GT 1.2 Lt,$35.000.000,2018,73.000
Chevrolet Spark Gt Spark Gt Modelo 2013,$28.000.000,2013,114.000
Chevrolet Spark 1.0 Life,$24.500.000,2015,135.000
Chevrolet Spark 1.2 Gt M300,$28.800.000,2011,58.300
Chevrolet Spark Gt Mecanico Gt,$25.500.000,2011,158.000
Chevrolet Spark 1.0 Go,$19.800.000,2008,136.000
Chevrolet Spark 1.0 Life,$25.500.000,2016,107.000
Chevrolet Spark Gt Full,$34.000.000,2017,89.544
Chevrolet Spark 1.2 Gt M300 Ltz Mecánica,$33.000.000,2017,85.200
Chevrolet Spark 1.0 7:24 Cronos,$18.500.000,2007,119.000
Chevrolet Spark GT 1.2 Ltz,$40.500.000,2019,85.700
Chevrolet 2014 Spark Gt 1.2 L Mt Lt,$30.000.000,2014,153.000
Chevrolet Spar Gt,$35.000.000,2018,93.000
Chevrolet Spark Gt Gt,$35.000.000,2017,93.500
Chevrolet Spark 1.0 Life,$27.000.000,2016,43.050
Chevrolet Spark Gt Gt,$31.200.000,2013,68.000
Spark Gt 2016 Gris Galápago,$33.000.000,2016,108.000
Chevrolet Spark Gt Full Equipo,$29.500.000,2014,107.000
Chevrolet Spark Gt Full Equipo,$35.000.000,2017,85.000
Chevrolet Spark Gt Full Equipo ,$35.000.000,2015,112.456
Chevrolet Spark 1.0 Life,$28.000.000,2019,77.000
Chevrolet Spark spark go,$19.500.000,2009,91.000
Chevrolet Spark Gt Spark Gt 1.2,$27.500.000,2013,132.000
Chevrolet Spark GT 1.2 Ls,$38.000.000,2019,38.800
Chevrolet Spark 1.0 Life,$26.000.000,2018,95.000
Chevrolet Spark Gt Gt,$31.000.000,2014,85.500
Chevrolet Spark Gt Ltz,$35.000.000,2017,68.000
Chevrolet Spark GT 1.2 Ls,$38.000.000,2019,62.000
Chevrolet Spark Gt Ltz,$31.000.000,2015,138.200
Chevrolet Spark Gt Ltz,$34.000.000,2017,121.000
Chevrolet,$32.000.000,2016,110.000
Chevrolet Spark 1.0 Life,$23.500.000,2016,102.000
Chevrolet Spark 1.2 Gt M300,$26.000.000,2012,160.094
Chevrolet Spark Gt Spark Gt ,$26.000.000,2011,222
Chevrolet Spark 1.0 Go,$18.000.000,2010,190.000
Spark Gt Ltz  ,$31.500.000,2014,71.000
Chevrolet Spark 1.0 Life,$27.000.000,2017,52.000
Chevrolet Spark 1.0 7:24 Cronos,$20.000.000,2012,130.000
Chevrolet Spark 1.0 Go,$17.500.000,2008,1
Chevrolet Spark 1.2 Gt M300,$25.300.000,2013,199.000
Chevrolet Spark 1.0 Life,$29.000.000,2018,82.000
Chevrolet Spark Gt Ltz,$30.000.000,2014,109.000
Chevrolet Spark 1.0 7:24 Cronos,$75.000.000,2013,610.213
Chevrolet Spark Gt Gt,$27.000.000,2011,172.000
Chevrolet Spark 1.0 7:24 Cronos,$22.500.000,2014,125.000
Chevrolet Spark 1.2 Gt M300 Ltz,$33.500.000,2016,95.000
Chevrolet Spark 1.0 Go,$18.000.000,2007,11.000
Chevrolet Spark 1.0 Life,$32.000.000,2018,55.000
Chevrolet Spark 1.0 Go,$20.000.000,2011,121.429
Chevrolet Chevette  Spark Gt ,$25.000.000,2011,114.000
Chevrolet Spark 1.0 Lt M200,$14.500.000,2009,140.000
Chevrolet Spark 1.0 Life,$27.000.000,2017,78.000
Chevrolet Spark Gt Spark Gt Ltz Version,$33.200.000,2017,90.000
Chevrolet Spark Gt Automovil,$33.000.000,2016,77.800
Chevrolet Spark Gt Gt,$25.500.000,2012,157.870
Chevrolet Spark 1.0 7:24,$16.000.000,2007,900.000
Chevrolet Spark Gt Spart ,$17.000.000,2012,1
Chevrolet Spark 1.0 7:24 Cronos,$17.500.000,2009,124.000
Chevrolet Spark Gt Ls,$26.000.000,2012,146.266
Chevrolet Spark 1.0 Go,$22.800.000,2013,166.000
Chevrolet Spark 1.2 Gt Lt,$37.000.000,2019,93.793
Chevrolet  Spark,$62.000.000,2007,10.000
Chevrolet Spark 1.0 Life,$28.000.000,2016,33.000
Chevrolet Spark 1.0 Life,$24.900.000,2018,68.000
Chevrolet Spark 1.0 Life,$27.000.000,2016,78.650
Chevrolet Spark Spark cronos,$18.000.000,2006,163.297
Chevrolet Spark 1.0 Go,$21.500.000,2013,153.000
Chevrolet Spark 1.0 7:24 Cronos,$21.000.000,2010,147.013
Chevrolet Spark Gt Spark Gt,$31.000.000,2015,129.000
Chevrolet Spark Gt Full Equipo,$29.990.000,2014,90.400
Chevrolet Spark Gt,$28.000.000,2013,99.000
Chevrolet Spark 1.0 Life,$28.000.000,2018,71.200
Chevrolet Spark 7:24 2012,$69.000.000,2012,501.000
Chevrolet Spark Gt,$31.900.000,2015,71.079
Chevrolet Spark Cronos Sedan,$17.200.000,2007,191.000
Chevrolet Spark 1.2 Gt M300,$26.000.000,2011,72.000
Chevrolet Spark Gt Gt,$29.000.000,2014,162.500
Chevrolet Spark 1.0 7:24 Cronos,$23.000.000,2011,140.000
Chevrolet Spark 1.0 Life,$25.000.000,2016,74.100
Chevrolet Spark Gt Versión Full,$32.500.000,2016,83.000
Chevrolet Spark 1.2 Gt M300,$26.000.000,2013,147.000
Chevrolet Spark Gt Spark Gt Ltz,$24.500.000,2011,174.000
Chevrolet Spark Gt 2012,$28.000.000,2012,119.116
Chevrolet Spark Gt Full Equipo ,$28.000.000,2012,86.000
Chevrolet Spark 1.2 Gt M300 Ltz,$33.000.000,2016,98.000
Chevrolet Spark Gt Full Equipo,$28.500.000,2013,113.000
Chevrolet Spark 1.2 Gt M300,$27.000.000,2013,109.000
Chevrolet Spark Spark ,$19.000.000,2010,160.000
Chevrolet Spark 1.0 Life Lujo,$16.000.000,2016,98.000
Chevrolet Spark 1.0 Lt M200,$22.000.000,2014,113.000
Chevrolet Spark GT 1.2 Ls,$34.000.000,2018,82.000
Chevrolet Spark Gt Modelo 2016,$33.000.000,2016,141.200
Chevrolet Spark Gt,$26.000.000,2015,73.000
Chevrolet Spark 1.0 Life,$24.000.000,2018,120.000
Chevrolet Spark 1.2 Gt Ls,$38.500.000,2019,33.000
Chevrolet Spark Gt Full Equipo,$26.500.000,2013,122.327
Chevrolet Spark 1.0 Go,$27.200.000,2013,60.000
Chevrolet Spark 1.0 7:24 Cronos,$21.700.000,2011,105.000
Chevrolet Spark GT 1.2 Ltz,$45.000.000,2020,34.000
Chevrolet Spark 1.0 Life,$27.500.000,2018,72.000
Chevrolet Spark 1.0 Life,$27.000.000,2017,79.500
Chevrolet Spark Gt Gt,$34.000.000,2016,51.000
Chevrolet Spark 1.0 Ls,$12.800.000,2005,200.000
Chevrolet Spark GT 1.2 Ltz,$37.500.000,2018,83.726
Chevrolet Spark 1.0l,$25.500.000,2017,64.000
Chevrolet Spark 1.2 Gt M300 Ltz,$29.000.000,2014,109.900
Chevrolet Spark 1.0 Life,$25.000.000,2016,150.000
Chevrolet Spark 1.0 Life,$28.500.000,2019,30.000
Vendo Spark Ls 2020 Única Dueña,$39.000.000,2020,48.366
Chevrolet Spark 1.0 7:24 Cronos,$16.500.000,2007,400.000
Chevrolet Spark 1.2 Gt M300,$26.900.000,2012,95.300
Chevrolet Spark Gt Modelo 2011,$27.000.000,2011,169
Chevrolet Spark Gt .,$29.500.000,2013,136.000
Chevrolet Spark Gt Spark Gt Full Equipo,$32.500.000,2017,119.000
Chevrolet Spark 1.0 Life Lujo,$27.500.000,2016,98.288
Chevrolet Spark GT 1.2 Ltz,$34.000.000,2018,85.500
Chevrolet Spark Gt Lt,$27.300.000,2014,89.500
Chevrolet Spark 1.0 Go,$17.000.000,2007,116.000
Chevrolet Spark 1.0 Life,$31.400.000,2018,32.080
Chevrolet Spark Gt Full Equipo,$27.000.000,2012,91.000
Chevrolet Spark Gt Ltz,$34.500.000,2015,140.000
Chevrolet Spark 1.0 Life Lujo,$25.000.000,2016,114.000
Chevrolet Spark 1.2 Gt M300 Ltz,$34.500.000,2016,64.000
Chevrolet Spark Iii Spark Life 2019,$25.000.000,2019,75.000
Chevrolet Spark Gt Spark Gt,$25.300.000,2011,117.000
Chevrolet Spark GT 1.2 Lt,$33.800.000,2018,120.000
Chevrolet Spark Gt Ltz Full,$33.000.000,2016,139.854
Chevrolet Spark Gt Spark Gt Full,$28.500.000,2013,102.080
Chevrolet Spark GT 1.2 Lt,$37.500.000,2019,58.000
Chevrolet Spark 1.0 7:24 Cronos,$16.000.000,2008,170.000
 ,0,0,0
Chevrolet Spark Hatch Back,$22.000.000,2014,111
Chevrolet Spark 1.0,$16.000.000,2007,190.000
Chevrolet Spark Gt Ltz,$27.500.000,2012,178.000
Chevrolet Spark Gt Full Equipo,$32.000.000,2017,92.600
Chevrolet Spark Gt Gt Mt,$27.000.000,2012,105.000
Chevrolet Spark 1.2 Gt M300,$30.000.000,2011,190.000
Chevrolet Spark Iii Usado,$19.000.000,2007,179.300
Chevrolet Spark 1.0 Life,$21.000.000,2015,180.000
Vendo Spark Gt 2012,$29.000.000,2012,130.000
Chevrolet Spark 1.0 Go,$18.500.000,2008,114.000
Chevrolet Spark GT 1.2 Ls,$37.500.000,2019,56.000
Chevrolet Spark GT 1.2 Ltz,$34.500.000,2018,57.000
Chevrolet Spark 1.0 Life,$32.000.000,2018,12.500
Chevrolet Spark 1.0 7:24 Cronos,$19.700.000,2009,164.500
Chevrolet Spark 1.0 7:24 Cronos,$19.800.000,2011,102.000
Chevrolet Spark Spark 2012,$20.000.000,2012,105.000
Chevrolet Spark 1.0 Life,$27.500.000,2017,88.240
Chevrolet Spark GT 1.2 Ltz,$38.000.000,2018,57.000
Chevrolet Spark 1.0 7:24 Cronos,$22.000.000,2011,160.000
Chevrolet Spark 1.0 7:24,$17.000.000,2006,163.000
Chevrolet Spark 1.2 Gt M300 Ltz Mecánica,$35.500.000,2017,89.800
Chevrolet Spark Gt Full Equipo,$38.500.000,2017,60.000
Chevrolet Spark Gt Ltz,$31.000.000,2015,99.400
Chevrolet Spark 1.0,$20.200.000,2012,115.371
Chevrolet Spark 1.0 Life,$20.000.000,2015,120.000
Chevrolet Spark 1.2 Gt Lt,$34.000.000,2019,94.000
Chevrolet Spark Gt Full Equipo,$30.500.000,2015,123.456
Chevrolet Spark Gt Spark Gt Activ,$43.700.000,2022,31.000
Chevrolet Spark 1.0 Lt M200,$21.000.000,2010,128.000
Chevrolet Spark GT 1.2 Ls,$36.000.000,2019,80.000
Chevrolet Spark Gt Ltz Full Equipo,$31.000.000,2015,95.000
Chevrolet Spark 1.0 7:24 Cronos,$52.000.000,2012,680.000
Chevrolet Spark Life Full Equipo,$33.000.000,2019,12.000
Chevrolet Spark 1.0 Life,$25.500.000,2016,63.000
Chevrolet Spark 1.0 7:24 Cronos,$18.500.000,2007,117.000
Chevrolet Spark GT 1.2 Lt,$42.000.000,2021,34.000
Chevrolet Spark 1.2 Gt M300,$26.450.000,2012,93.000
Chevrolet Spark Gt 1.2 Mt Full,$31.000.000,2014,53.000
Chevrolet Spark 1.2 Gt M300,$24.500.000,2011,150.000
Chevrolet  Spark Gt 2015,$31.000.000,2015,104.000
Chevrolet Spark 1.2 Gt M300 Ltz,$29.000.000,2014,161.000
Chevrolet Spark 1.0 Life,$30.000.000,2018,24.100
Chevrolet Spark 1.0 Go,$20.000.000,2011,86.837
Chevrolet Spark 1.2 Gt M300,$28.000.000,2013,150.000
Chevrolet Spark 1.0 7:24,$17.000.000,2008,159.318
Chevrolet Spark 1.0 Go,$21.500.000,2013,131.000
Chevrolet Spark 1.0 Life,$28.500.000,2019,81.000
Chevrolet Spark 1.2 Gt M300,$28.500.000,2013,91.200
Chevrolet Spark 1.0 Go,$18.000.000,2009,160
Chevrolet Spark 1.0 Life,$27.000.000,2018,59.800
Chevrolet Spark 1.2 Gt M300 Ltz,$32.000.000,2014,78.021
Chevrolet Spark 1.0 Lt M200,$20.000.000,2011,91.200
Chevrolet Spark 1.0 7:24 Cronos,$16.300.000,2007,192.000
Chevrolet Spark 1.0 Lt M200,$20.000.000,2012,127.000
Chevrolet Spark 1.2 Gt Lt,$34.000.000,2018,71.300
Chevrolet Spark GT 1.2 Lt,$38.000.000,2019,75.000
Chevrolet Spark Gt M300 1.2l Full Mod 2014,$31.500.000,2014,76.000
Chevrolet Spark 1.0 Lt M200,$29.800.000,2014,72.000
Chevrolet Spark 1.0 Lt M200,$19.000.000,2012,159.000
Chevrolet Spark 1.0 Life,$26.000.000,2017,105.000
Chevrolet Spark 1.0 7:24,$14.500.000,2005,283.000
Chevrolet Spark GT 1.2 Ltz,$43.000.000,2020,31.500
Chevrolet Spark Gt Lt,$24.500.000,2012,220.000
Chevrolet Spark GT 1.2 Lt,$38.000.000,2019,85.000
Chevrolet Spark Gt Negociable,$34.000.000,2017,122.037
Chevrolet 1lt Spark Cronos ,$1.550.000,2007,289.000
Chevrolet Spark Gt Full,$26.800.000,2011,80.000
Chevrolet Spark,$75.000.000,2013,503.500
Spark Chevrolet 2007,$16.500.000,Publicado,7
Chevrolet Spark 1.0 Life,$30.000.000,2019,106.000
Chevrolet Spark 1.0 7:24 Cronos,$85.000.000,2011,318.000
Chevrolet Spark 1.0 Go,$20.500.000,2009,120.000
Chevrolet Spark Gt Chevrolet ,$35.850.500,2017,70.000
Chevrolet Spark Gt Chevrole Spark Gt ,$27.900.000,2011,87.917
Chevrolet Spark Life,$18.900.000,2012,96.500
Chevrolet Spark GT 1.2 Lt,$35.800.000,2018,74.000
Chevrolet Spark 1.0 7:24 Cronos,$19.000.000,2012,192.390
Chevrolet Spark Go,$22.700.000,2011,397.000
Chevrolet Spark GT 1.2 Ltz,$36.000.000,2018,58.600
Chevrolet Spark 1.0 Go,$18.000.000,2007,149.000
Chevrolet Spark 1.0 Go,$22.500.000,2013,180.000
Chevrolet Spark Gt Ltz Full,$28.780.000,2014,131.550
Chevrolet Spark Gt Ltz,$31.300.000,2014,82.000
Chevrolet Spark 1.0 Life,$29.000.000,2018,35.000
Chevrolet Spark 1.0 Ls,$16.000.000,2006,257.000
Chevrolet Spark 1.2 Gt M300,$27.500.000,2013,79.000
Chevrolet Spark 1.2 Gt M300,$28.000.000,2013,140.000
Chevrolet Spark 1.0 7:24,$16.000.000,2007,140.000
Chevrolet Spark 1.0 Life,$25.000.000,2016,59.900
Chevrolet Spark  Spark,$80.000.000,2010,222
Chevrolet Spark 1.0 7:24 Cronos,$23.000.000,2013,129.000
Chevrolet Spark GT 1.2 Ltz,$38.000.000,2019,33.731
Chevrolet Spark GT 1.2 Lt,$34.500.000,2018,55.000
Chevrolet Spark Gt Spartk Gt,$27.500.000,2012,148.000
Chevrolet Spark 1.0 7:24 Cronos,$17.000.000,2009,152.000
Chevrolet Spark GT 1.2 Ls,$37.000.000,2019,82.140
Chevrolet Spark Gt Spark Buen Estado,$31.535.400,2013,18
Chevrolet Spark 2009,$19.000.000,2009,144.805
Chevrolet Spark 1.0 Life,$28.000.000,2019,50
Chevrolet Spark 1.0 Lt M200,$22.000.000,2008,68.000
Chevrolet Spark GT lt,$36.000.000,2019,65.000
Chevrolet Spark 1.0 7:24 Cronos,$19.500.000,2012,131.000
Chevrolet Spark 1.0 7:24 Cronos,$20.000.000,2012,140.000
Chevrolet Spark Gt Ltz,$32.500.000,2016,120.000
Chevrolet Spark GT 1.2 Lt,$40.000.000,2020,38.000
Chevrolet Spark 1.0 Life,$29.000.000,2019,45.000
Chevrolet Spark GT 1.2 Ltz,$36.000.000,2018,54.000
Chevrolet Spark 1.0 Go,$18.900.000,2012,130.000
Chevrolet  Spark,$70.000.000,2019,219.000
Chevrolet Spark GT 1.2 Lt,$33.000.000,2019,73.000
Chevrolet Spark 1.0 Life Lujo,$26.000.000,2016,99.000
Chevrolet Spark 1.0 Go,$17.000.000,2009,167.000
Chevrolet Spark 1.2 Gt Ltz,$44.000.000,2020,47.000
Chevrolet Spark 1.0 Lt M200,$18.000.000,2012,117.000
Chevrolet Spark 1.0l,$31.500.000,2019,45.000
Chevrolet Spark 1.2 Gt Lt,$38.000.000,2019,86.000
Chevrolet Spark 1.0 Go,$19.000.000,2009,93.828
Chevrolet Spark 1.0 Life,$32.000.000,2018,34.000
Chevrolet Spark Gt Spark Gt ,$34.000.000,2017,80.000
Chevrolet Spark GT 1.2 Ltz,$37.000.000,2018,58.000
Chevrolet Spark GT 1.2 Lt,$34.000.000,2018,80.000
Chevrolet Spark 1.0 Life,$27.000.000,2017,44.000
Chevrolet Spark 1.0 Go,$18.700.000,2008,120.000
Chevrolet Spark Gt Spart Gt,$25.000.000,2011,140
Chevrolet Spark Gt Sedan,$26.000.000,2012,158.000
Chevrolet Spark 1.0 Lt M200,$22.000.000,2013,180.000
Chevrolet Spark 1.0 Lt M200,$22.000.000,2014,100.000
Chevrolet Spark 1.2 Gt M300,$26.000.000,2012,170.000
Chevrolet Spark Gt Sencilla,$34.000.000,2016,81.972
Spark Gt 2014,$28.500.000,2014,Publicado
Spark Gt Modelo 2011,$25.800.000,2011,150.000
Chevrolet Spark Cronos,$15.500.000,2007,25.000
Chevrolet Spark Gt M300 Full,$29.900.000,2014,100.600
Chevrolet Spark Gt Ltz Full Equipo ,$32.000.000,2015,116.000
Chevrolet Spark 1.2 Gt M300 Lt,$31.000.000,2014,80.000
Chevrolet Spark 1.0 Life,$25.500.000,2016,206.000
Chevrolet Spark Gt Gt,$33.000.000,2016,188.500
Chevrolet Spark 1.2 Gt M300,$25.000.000,2012,170.000
Chevrolet Spark 1.0 7:24 Cronos,$18.000.000,2011,167.700
Chevrolet Spark 1.0 7:24 Cronos,$12.000.000,2006,300.000
Chevrolet Spark Gt Full Equipo ,$25.900.000,2011,180
Chevrolet Spark Gt Full Equipo,$26.950.000,2013,93.000
Chevrolet Spark Modelo 2008,$19.800.000,2008,166.000
Chevrolet Spark 1.0 Go,$17.900.000,2008,1
"Vendo Hermoso Spark Gt Modelo 2021con 27.000 Kms  Impecable,",$43.500.000,2021,27.000
Chevrolet Spark GT 1.2 Lt,$40.000.000,2019,24.000
Chevrolet Spark 1.0 Go,$19.000.000,2012,150.000
Chevrolet Spark 1.0 Life,$27.000.000,2017,72.300
Chevrolet Spark 1.0 Life,$26.000.000,2016,150.000
Chevrolet Spark 1.2 Gt M300 Ltz Mecánica,$36.900.000,2017,85.000
Chevrolet Spark 1.0l,$31.500.000,2018,89.000
Chevrolet Spark Gt,$34.000.000,2016,35.000
Chevrolet Spark 1.0 Lt M200,$19.000.000,2011,135.000
Chevrolet Spark 1.0 Life Lujo,$22.500.000,2015,130.000
Chevrolet Spark 1.0l,$30.000.000,2018,31.700
Chevrolet Spark 1.2 Gt M300,$28.000.000,2013,102.000
Chevrolet Spark 1.0 7:24 Cronos,$19.000.000,2010,163.800
Chevrolet Spark 1.0 7:24 Cronos,$18.500.000,2012,138.000
Chevrolet Spark Gt Gt,$34.000.000,2017,112.000
Chevrolet Spark 1.0 Go,$21.000.000,2008,650.000
Chevrolet Spark 1.0 Life Lujo,$26.850.000,2015,143.000
Chevrolet Spark 1.0 7:24 Cronos,$21.500.000,2012,96.000
Chevrolet Spark Gt Full,$28.900.000,2014,144.000
Spark Gt Modelo 2013,$26.000.000,2013,157.000
Chevrolet Spark 1.0 Life,$24.450.000,2016,96.000
Chevrolet Spark Gt Spark Gt Ltz,$24.500.000,2012,137.000
Spark Gt 2017,$37.000.000,2017,37.777
Chevrolet Spark 1.0 Life Lujo,$23.500.000,2015,159.000
Chevrolet Spark 1.0 Go,$19.500.000,2012,160
Chevrolet Spark 1.0 Life,$25.500.000,2019,94.500
Chevrolet Spark Gt Ltz,$26.000.000,2011,78
Chevrolet Spark Gt Spark Gt,$33.000.000,2016,54.000
Chevrolet Spark 1.0 Life,$25.000.000,2016,74.000
Chevrolet Spark 1.0 Lt M200,$16.000.000,2011,176.000
Chevrolet Spark Gt Spark Gt 2014,$29.700.000,2014,133.000
Chevrolet Spark 1.0 Lt M200,$19.000.000,2010,150.000
Chevrolet Spark Gt Spark Gt (m300) Ltz,$34.400.000,2016,38.900
Chevrolet Spark Gt Spark Gt ,$26.500.000,2012,150.000
Chevrolet Spark 1.0 7:24 Cronos,$18.800.000,2009,197.000
Chevrolet Spark 2013,$21.000.000,2013,160.000
Chevrolet Spark Gt 1.2 Gr M300ltz,$19.000.000,2011,165.000
Chevrolet Spark 1.0 Lt M200,$21.000.000,2012,110
Chevrolet Spark 1.2 Gt M300,$28.000.000,2013,125.000
Chevrolet Spark 1.0 Ls,$14.700.000,2006,172.000
Chevrolet Spark 1.0,$16.000.000,2007,156.000
Chevrolet Spark 1.2 Gt Lt,$43.000.000,2022,29.000
Chevrolet Spark GT 1.2 Ltz,$39.000.000,2019,49.000
Chevrolet Spark 1.2 Gt Ls,$38.800.000,2019,48.000
Chevrolet Spark Automovil,$16.500.000,2005,19.000
Chevrolet Spark GT 1.2 Ltz,$34.000.000,2018,113.000
Chevrolet Spark 1.0 Life,$31.000.000,2019,35.000
Chevrolet Spark 1.0 Life,$28.900.000,2019,86.000
Chevrolet Spark GT 1.2 Ltz,$42.500.000,2019,77.000
Chevrolet Spark 1.0 Ls,$14.000.000,2006,252.000
Chevrolet Spark 1.0,$23.000.000,2012,126.000
Chevrolet Spark 1.0 Life,$25.000.000,2015,89.900
Chevrolet Spark 1.0 7:24 Cronos,$57.000.000,2007,300.000
Chevrolet Spark Gt Spark Gt 2013,$26.000.000,2013,140.000
Chevrolet Spark 1.2 Gt M300 Ltz,$30.000.000,2016,82.000
Chevrolet Spark 1.0,$18.500.000,2007,137.000
Chevrolet Spark Gt Full,$33.500.000,2015,75.200
Chevrolet Spark 1.0 Life,$27.000.000,2017,70.000
Chevrolet Spark 1.0 Go,$16.000.000,2008,177.000
Chevrolet Spark 1.2 Gt M300 Lt,$34.300.000,2016,98.000
Chevrolet Spark Gt Mecánico,$35.000.000,2017,82.000
Chevrolet Spark Gt Full Equipo,$28.000.000,2012,170.000
Chevrolet Spark Gt Es,$28.000.000,2013,161.000
Vendo Chevrolet Spark Gt 2013,$28.500.000,2013,91.500
Chevrolet Spark 1.0 7:24 Cronos,$21.500.000,2014,190.000
Chevrolet Spark Gt Rs Full Equipo,$33.000.000,2014,111.000
Chevrolet Spark 1.0 7:24 Cronos,$18.500.000,2012,153.000
Chevrolet Spark GT 1.2 Ltz,$100.000.000,2018,71.000
Chevrolet Spark 1.0 Lt M200,$22.000.000,2012,67.100
Chevrolet Spark GT 1.2 Ls,$41.000.000,2020,62.000
Chevrolet Spark 1.0 7:24 Cronos,$22.500.000,2014,108.000
Chevrolet Spark Gt Ltz,$29.950.000,2015,107.000
Chevrolet Spark Life,$20.500.000,2012,143.000
Chevrolet Spark 1.2 Gt M300 Lt,$29.500.000,2014,133.000
Chevrolet Spark Gt Full Equipo ,$29.000.000,2015,162
Chevrolet Spark Iii Lite,$26.000.000,2016,105.000
Chevrolet Spark Gt Gt,$35.000.000,2017,122.040
Chevrolet Spark Gt Fulliada,$33.000.000,2017,92.079
Chevrolet Spark Gt Spark Gt,$34.000.000,2016,74.000
Chevrolet Spark 1.0 Life,$28.900.000,2017,67.000
Chevrolet Spark Cronos,$85.000.000,2012,85.000
Chevrolet Spark 1.0 Lt M200,$17.000.000,2007,114.000
Chevrolet Spark 1.2 Gt M300 Ltz Mecánica,$36.000.000,2017,100.000
Chevrolet Spark 1.0 Go,$18.500.000,2008,153.000
Chevrolet Spark 1.2 Gt M300,$28.500.000,2012,122.000
Chevrolet Spark 1.0 Life,$20.000.000,2017,101.000
Chevrolet Spark Iii Life,$24.000.000,2018,63.000
Chevrolet Spark Gt Full Equipo,$27.500.000,2013,101.000
Chevrolet Spark 2011,$18.000.000,2012,150.000
Chevrolet Spark 1.0 Life,$25.000.000,2016,175.000
Chevrolet Spark GT 1.2 Ltz,$35.000.000,2018,80.000
Chevrolet Spark 1.0 Lt M200,$16.500.000,2007,123.000
Chevrolet Spark 1.0 Life,$22.000.000,2015,120.000
Chevrolet Spark 1.0 Life,$27.000.000,2016,80.000
Chevrolet Spark 1.0 Ls,$16.000.000,2006,270
Chevrolet Spark Gt ,$40.000.000,2018,97.000
Chevrolet Spark 1.0 7:24 Cronos,$17.000.000,2013,220.000
Chevrolet Spark 1.0 Life,$19.600.000,2015,87.000
Chevrolet Spark 1.0 7:24,$60.000.000,2005,1.000.128
Chevrolet Spark 1.0 Ls,$28.600.000,2019,53.300
Chevrolet Spark 1.2 Gt,$33.200.000,2016,95.000
Chevrolet Spark Go Mt 2010,$20.500.000,2010,170.534
Chevrolet Spark 1.2 Gt M300 Ltz,$30.900.000,2015,77.500
Chevrolet Spark Gt 1.2 Mt 2011,$24.000.000,2011,143.000
Chevrolet Spark 1.0 Go,$20.000.000,2011,104.300
Chevrolet Spark 1.0 Life Lujo,$22.900.000,2016,95.000
Chevrolet Spark  1000cc Mt Aa,$23.500.000,2016,35.000
Chevrolet Spark 1.2 Gt M300 Ltz,$23.900.000,2014,177.800
Chevrolet Spark Lt 2013,$18.900.000,2013,115.879
Chevrolet Spark Lt,$16.900.000,2007,117.700
Chevrolet Spark 1.2 Gt M300 Ltz,$33.500.000,2016,68.000
Chevrolet Spark 1.2 Gt Ltz,$34.900.000,2020,66.200
Chevrolet Spark 1.2 Gt Ltz,$32.900.000,2019,79.778
Chevrolet Spark 1.2 Gt M300 Ltz,$32.500.000,2016,84.000
Chevrolet Spark Gt Gt 1.2,$32.800.000,2017,55.000
Chevrolet Spark 1.0 Go,$21.150.000,2013,40.420
Chevrolet Spark 1.0 Life,$25.500.000,2019,102.621
Chevrolet Spark Iii Life,$14.000.000,2017,82.000
Chevrolet Spark 1.0 Life,$19.800.000,2015,90.000
Chevrolet Spark Gt Full,$29.600.000,2013,102.000
